2222222222222222222222222222222222222222222222222222222222222222,1000
3333333333333333333333333333333333333333333333333333333333333333,1000
4444444444444444444444444444444444444444444444444444444444444444,1000
5555555555555555555555555555555555555555555555555555555555555555,1000
6666666666666666666666666666666666666666666666666666666666666666,1000
7777777777777777777777777777777777777777777777777777777777777777,1000
8888888888888888888888888888888888888888888888888888888888888888,1000
9999999999999999999999999999999999999999999999999999999999999999,1000
aaaaaaaaaaaaaaaaaaaaaaaaaaaaaaaaaaaaaaaaaaaaaaaaaaaaaaaaaaaaaaaa,1000
bbbbbbbbbbbbbbbbbbbbbbbbbbbbbbbbbbbbbbbbbbbbbbbbbbbbbbbbbbbbbbbb,1000
cccccccccccccccccccccccccccccccccccccccccccccccccccccccccccccccc,1000
dddddddddddddddddddddddddddddddddddddddddddddddddddddddddddddddd,1000
eeeeeeeeeeeeeeeeeeeeeeeeeeeeeeeeeeeeeeeeeeeeeeeeeeeeeeeeeeeeeeee,1000
1111111111111111111111111111111111111111111111111111111111111112,1000
1111111111111111111111111111111111111111111111111111111111111113,1000
1111111111111111111111111111111111111111111111111111111111111114,1000
1111111111111111111111111111111111111111111111111111111111111115,1000
1111111111111111111111111111111111111111111111111111111111111116,1000
1111111111111111111111111111111111111111111111111111111111111117,1000
1111111111111111111111111111111111111111111111111111111111111118,1000
1111111111111111111111111111111111111111111111111111111111111119,1000
1111111111111111111111111111111111111111111111111111111111111120,1000
